game_episode,end_x,end_y
153363_1,66.31992,11.362486
153363_2,47.19443,54.74114
153363_6,47.536747,54.93403
153363_7,52.832237,12.027276
153363_8,78.57196,50.750378
153363_9,70.39686,11.864774
153363_10,56.592842,11.552454
153363_12,65.45399,11.31276
153363_13,47.82347,55.084095
153363_15,61.834827,11.294557
153363_16,79.37165,49.56731
153363_17,76.29543,53.21726
153363_18,52.5,34.0
153363_19,45.689934,13.825301
153363_20,59.522476,11.347275
153363_21,69.98502,11.736223
153363_22,47.260525,54.78003
153363_23,49.74406,12.517156
153363_24,81.86297,32.976715
153363_26,65.4392,57.492035
153363_27,54.83232,57.38904
153363_28,67.141106,11.411849
153363_29,81.27521,45.305294
153363_30,81.83662,43.035706
153363_31,82.2324,36.378773
153363_32,47.11576,13.233171
153363_33,82.2471,39.53654
153363_34,60.339264,11.323579
153363_35,82.04317,34.245564
153363_36,82.14754,40.869877
153363_37,77.91193,20.214863
153363_38,52.5,34.0
153363_41,50.181416,56.117867
153363_43,64.09081,11.2913685
153363_44,73.203835,13.258108
153363_47,67.292244,11.425883
153363_48,52.5,34.0
153363_49,65.5651,11.319432
153363_50,66.89338,57.26107
153363_51,71.56764,12.326943
153363_52,55.776592,11.623799
153363_53,79.81808,25.006893
153363_54,78.14659,51.30182
153363_56,63.210926,11.293183
153363_57,47.232758,54.763737
153363_58,69.62301,56.635303
153363_59,75.26726,15.516788
153363_60,52.5,34.0
153363_61,46.858616,54.533855
153363_62,77.456024,52.090992
153363_64,73.92123,13.861316
153363_65,78.45409,21.48814
153363_66,47.42652,54.874004
153363_67,81.024155,46.064114
153363_68,80.65537,27.646385
153363_69,47.480446,54.903675
153363_70,77.480354,19.294834
153363_71,73.86222,13.803737
153363_72,78.84405,22.481762
153363_73,79.48422,49.381657
153363_74,72.84135,13.008002
153363_75,81.023224,46.066864
153363_76,64.5461,57.59855
153363_77,54.28225,11.79535
153363_79,74.867874,14.961044
153363_80,79.13191,23.18733
153363_81,51.303627,56.522003
153363_82,78.26667,21.034489
153363_83,52.5,34.0
153363_84,47.90152,55.123783
153363_85,75.350365,15.636895
153363_86,81.95617,42.35849
153364_1,77.89286,20.173056
153364_2,46.243034,54.110302
153364_3,52.5,34.0
153364_4,49.115273,55.68765
153364_5,50.354218,12.413904
153364_6,54.285393,11.79378
153364_7,64.19243,11.291656
153364_8,52.5,34.0
153364_9,79.11374,23.14189
153364_10,68.61435,11.527949
153364_11,75.595985,15.999986
153364_12,81.054924,29.192894
153364_14,77.036964,52.529743
153364_15,52.5,34.0
153364_16,48.293526,55.31393
153364_17,81.90716,33.248226
153364_18,74.70289,54.382572
153364_19,51.559055,56.606106
153364_20,45.68847,53.64477
153364_21,52.5,34.0
153364_22,78.157265,20.77565
153364_23,46.56785,13.457112
153364_24,47.3937,54.85556
153364_25,60.67648,11.313934
153364_26,80.812614,46.63876
153364_27,47.988792,55.16688
153364_28,81.49417,44.540176
153364_29,42.928604,16.205843
153364_30,42.515778,19.139235
153364_31,78.600426,50.711426
153364_32,55.9002,57.52467
153364_33,46.807007,54.5004
153364_34,68.67092,11.533738
153364_36,77.363205,52.18854
153364_37,81.18346,45.59472
153364_38,79.641914,24.521013
153364_39,64.94674,57.553944
153364_40,78.69897,50.57501
153364_41,75.351494,53.94132
153364_42,75.94937,53.498486
153364_43,53.267693,57.081272
153364_44,76.46106,53.075718
153364_45,70.305305,56.432034
153364_46,73.94242,13.881596
153364_47,81.59439,31.499847
153364_48,52.5,34.0
153364_49,75.25803,15.503126
153364_50,47.56369,13.0655775
153364_52,79.86614,48.70695
153364_53,52.5,34.0
153364_54,52.5,34.0
153364_55,52.5,34.0
153364_56,52.5,34.0
153364_57,52.5,34.0
153364_58,61.890026,11.294105
153364_59,75.48093,53.849995
153364_61,71.21448,56.11674
153364_62,52.5,34.0
153364_63,80.47115,27.003328
153364_65,80.46877,47.470013
153364_66,82.08615,41.42594
153364_67,60.786404,57.796246
153364_68,78.31548,51.090965
153364_69,52.5,34.0
153364_70,75.89353,53.54237
153364_71,82.09852,41.32238
153364_73,66.049446,57.40402
153364_74,52.5,34.0
153364_75,52.5,34.0
153364_76,80.80335,46.662907
153364_78,68.6087,11.526837
153364_79,74.44897,14.436653
153364_80,77.544106,51.996693
153364_81,74.922714,54.236195
153364_82,78.55232,50.77725
153364_84,68.5458,56.913616
153364_85,66.6944,11.380339
153364_86,48.424774,55.37612
153365_1,48.382576,55.35617
153365_2,48.06288,55.20254
153365_3,47.44375,54.883488
153365_4,52.5,34.0
153365_5,78.76196,22.275105
153365_6,78.41752,21.398497
153365_7,46.576626,54.34751
153365_8,47.63495,54.986088
153365_9,46.67241,54.41226
153365_10,48.81877,55.5572
153365_11,67.94984,11.471624
153365_12,47.512894,54.92124
153365_13,47.20492,54.7475
153365_14,81.59127,31.488068
153365_15,44.12606,43.696568
153365_16,80.27745,47.88776
153365_17,68.617195,11.528115
153365_20,76.82012,18.02258
153365_21,77.84739,20.07302
153365_23,46.857048,13.335871
153365_24,81.995415,42.10423
153365_25,81.57583,44.221134
153365_26,80.513176,27.145842
153365_28,82.18634,35.680435
153365_29,52.5,34.0
153365_30,79.692726,24.659885
153365_31,82.21319,36.06455
153365_32,49.313225,12.598208
153365_33,52.5,34.0
153365_34,55.519238,57.479984
153365_35,68.39893,11.505482
153365_36,79.26948,23.537933
153365_37,73.75321,13.698003
153365_38,52.5,34.0
153365_39,47.672977,55.00606
153365_40,80.833046,46.58566
153365_41,46.61447,54.37235
153365_42,65.51585,57.481663
153365_43,76.150475,16.867603
153365_44,70.484924,56.37441
153365_45,72.97126,13.094134
153365_46,82.121666,34.951084
153365_47,70.311226,11.836619
153365_48,82.27965,38.54117
153365_49,47.348606,54.830475
153365_50,71.36518,12.241145
153365_51,81.26557,45.336452
153365_53,79.50176,24.146816
153365_54,47.64506,54.99143
153365_55,46.53495,13.46854
153365_56,74.41254,14.394482
153365_57,79.381966,23.830906
153365_58,62.278618,11.292218
153365_59,75.156456,15.358865
153365_60,73.82606,13.764863
153365_61,47.117348,54.695053
153365_62,81.598274,44.129517
153365_64,61.11669,57.79304
153365_65,81.240974,45.415123
153365_66,67.39988,11.433567
153365_68,80.58251,27.384571
153365_69,52.5,34.0
153365_70,75.5492,53.800873
153365_71,79.19128,23.337078
153365_72,81.93693,42.4765
153365_73,52.5,34.0
153365_74,52.5,34.0
153365_75,79.445885,23.999187
153365_76,48.514095,12.760814
153365_77,77.95001,20.300213
153365_79,74.349464,14.321735
153365_80,81.180626,29.681358
153365_82,75.43122,53.885227
153365_83,52.5,34.0
153365_84,52.5,34.0
153365_85,51.781822,56.676785
153365_86,80.55126,47.28126
153365_89,78.65093,21.98585
153365_90,81.41903,44.81638
153365_91,71.61979,12.351366
153365_92,52.5,34.0
153365_93,82.03483,41.826893
153366_1,81.01029,46.10371
153366_3,78.40296,21.361622
153366_4,46.965523,54.602043
153366_5,58.88519,11.375365
153366_6,80.79226,46.691696
153366_7,46.987904,54.615746
153366_8,45.75949,53.7107
153366_9,46.497986,13.484269
153366_10,70.98641,12.0844965
153366_11,70.109665,11.770641
153366_12,47.408047,54.86367
153366_13,45.321136,14.017931
153366_14,80.71852,46.878418
153366_15,80.14631,25.966137
153366_16,48.01833,55.181313
153366_17,78.92664,22.679348
153366_18,77.61437,19.573238
153366_19,81.97754,33.738934
153366_20,77.98481,51.49717
153366_21,47.43866,54.880627
153366_22,59.822044,57.78804
153366_23,46.725174,54.446903
153366_24,54.21267,57.28123
153366_25,78.60033,50.711742
153366_27,77.510185,19.35685
153366_28,47.19829,54.743477
153366_29,52.5,34.0
153366_30,72.52425,12.810416
153366_31,44.052723,38.866524
153366_32,71.44451,56.02729
153366_33,82.24554,39.56822
153366_35,80.77587,46.733593
153366_36,52.5,34.0
153366_37,64.6067,11.29205
153366_38,51.229343,12.276898
153366_39,43.985336,37.57715
153366_40,73.403915,13.406287
153366_41,52.5,34.0
153366_42,78.404594,21.366215
153366_43,81.52918,44.40585
153366_44,49.308304,55.768543
153366_46,78.867645,50.337265
153366_47,72.84412,55.415295
153366_48,79.02065,50.11347
153366_49,81.095314,45.858524
153366_50,46.08107,13.667449
153366_51,81.325584,45.13953
153366_52,52.5,34.0
153366_53,59.548332,11.345256
153366_54,77.434105,19.201498
153366_55,61.06739,11.301584
153366_56,81.54112,44.359406
153366_57,78.33727,51.06278
153366_58,81.038864,46.022335
153366_59,80.19891,48.052746
153366_60,80.239044,47.96892
153366_61,79.66985,49.062923
153366_62,80.13958,48.17473
153366_64,79.15211,23.23808
153366_65,79.215996,23.400892
153366_66,76.4663,17.39573
153366_67,79.6411,49.113384
153366_68,64.85772,11.295558
153366_69,79.91721,48.611126
153366_71,80.08955,48.27557
153366_72,73.4056,13.408661
153366_73,81.118965,45.788883
153366_74,47.325813,54.817604
153366_75,57.068413,11.509144
153366_76,52.5,34.0
153366_77,47.735935,55.03888
153366_78,69.0606,11.578473
153366_79,81.35238,45.048916
153366_80,64.2346,11.292476
153366_81,62.26055,11.292208
153366_82,45.37522,13.984333
153366_83,46.893307,54.556507
153366_84,81.29801,45.230976
153366_85,70.01197,56.522503
153366_86,73.80629,54.922634
153366_88,50.15986,56.10955
153366_89,77.29205,52.264095
153366_90,70.05106,11.753997
153366_92,52.5,34.0
153366_93,77.63199,51.900486
153366_94,48.276695,55.30594
153366_95,78.05459,51.413807
153367_1,68.08915,11.480456
153367_2,74.61277,54.440872
153367_3,73.01962,55.331036
153367_4,52.5,34.0
153367_7,48.09272,55.21751
153367_8,47.25965,54.77947
153367_9,80.36503,47.69971
153367_10,47.224426,54.75893
153367_11,54.50502,57.33642
153367_12,52.5,34.0
153367_13,79.44171,23.988115
153367_14,75.35212,15.639806
153367_16,52.5,34.0
153367_17,47.62124,13.042184
153367_18,66.24354,57.37331
153367_19,47.221897,54.757446
153367_21,47.127167,54.70105
153367_22,47.83948,55.09227
153367_24,46.344086,54.183834
153367_25,78.97071,22.78811
153367_26,80.683784,46.964355
153367_27,51.14626,12.290529
153367_28,43.90523,35.595806
153367_30,45.474518,53.43607
153367_31,52.5,34.0
153367_32,81.777466,43.331516
153367_33,52.5,34.0
153367_34,81.936356,42.479816
153367_35,46.918633,54.572544
153367_36,70.07464,11.760766
153367_37,81.497475,44.52756
153367_38,79.858734,25.121477
153367_39,52.5,34.0
153367_40,46.79457,13.363601
153367_41,47.907585,55.126896
153367_42,47.241623,54.76909
153367_43,67.41064,57.160954
153367_44,48.53389,12.757654
153367_45,70.721535,11.982257
153367_46,79.56072,49.25224
153367_47,80.62563,27.536167
153367_48,59.62868,11.3430395
153367_49,73.591194,55.039852
153367_50,52.5,34.0
153367_51,81.323715,45.14561
153367_52,47.076298,54.670246
153367_53,82.23168,39.81671
153367_54,81.155876,45.6785
153367_55,51.63443,12.213735
153367_56,75.791725,53.620792
153367_58,71.74799,55.903053
153367_59,45.647972,13.843697
153367_60,79.01822,22.90475
153367_61,78.0034,20.42106
153367_62,47.984726,55.1649
153367_63,81.33047,30.296497
153367_64,81.01998,46.07599
153367_65,79.69767,24.671803
153367_66,52.5,34.0
153367_67,46.487114,54.285625
153367_68,74.6888,54.391655
153367_69,80.81436,46.63455
153367_70,52.5,34.0
153367_71,69.16333,11.591418
153367_72,82.10119,41.29996
153367_73,79.56733,24.320827
153367_74,71.691216,12.385283
153367_75,75.449974,15.787171
153367_76,82.09167,41.38183
153367_77,79.429955,49.47183
153367_78,46.935074,54.582882
153367_79,46.28095,13.574435
153367_80,52.5,34.0
153367_81,79.935036,48.577244
153367_82,57.99974,11.433381
153367_83,52.5,34.0
153367_84,74.996346,54.186443
153367_85,47.852142,55.09877
153367_87,82.22712,36.285213
153367_89,79.0579,50.05766
153367_90,79.9007,48.642345
153367_92,59.474495,57.77844
153367_93,74.63738,14.665117
153367_94,81.85614,42.933132
153367_95,81.65063,43.90834
153367_96,81.85521,42.939762
153367_97,80.92153,46.349945
153367_98,78.68574,50.593513
153367_99,81.8173,43.13525
153367_101,52.5,34.0
153367_102,52.5,34.0
153367_103,81.455055,44.685795
153367_104,81.87595,42.826168
153367_106,77.16033,18.660637
153367_107,78.084785,51.377266
153367_108,50.0007,12.470577
153367_109,48.461945,12.7751045
153367_110,52.5,34.0
153367_111,76.7134,17.828888
153368_1,43.7821,33.252285
153368_2,48.076935,55.209797
153368_3,82.27076,38.945263
153368_4,72.160645,12.620137
153368_5,47.750942,55.04697
153368_8,71.1115,56.155643
153368_9,81.74025,43.5068
153368_10,69.05758,56.78491
153368_11,81.833046,43.053932
153368_12,64.31248,11.2912
153368_14,79.053215,50.06473
153368_15,78.80528,50.425846
153368_16,78.54958,50.780834
153368_17,47.87858,12.948165
153368_18,52.5,34.0
153368_19,82.28301,37.99967
153368_20,52.5,34.0
153368_21,82.27419,38.812153
153368_22,52.5,34.0
153368_25,43.07762,20.932184
153368_26,58.586365,11.389617
153368_27,79.29943,49.68361
153368_28,76.47959,53.058876
153368_29,79.266594,23.530773
153368_30,61.007973,11.3023
153368_31,69.01388,11.572579
153368_32,48.074947,55.208878
153368_33,67.71345,57.098545
153368_34,77.55349,19.446182
153368_36,74.142,54.73064
153368_37,45.9563,13.712483
153368_38,78.71866,22.162098
153368_39,78.45575,50.90713
153368_41,58.594856,11.3896885
153368_42,77.90914,20.209045
153368_44,56.322525,11.571285
153368_45,77.63468,19.617197
153368_46,80.2031,48.044186
153368_47,71.323006,56.07502
153368_48,49.791588,12.508664
153368_49,78.146454,20.75041
153368_51,55.886543,11.61482
153368_52,80.05432,48.345646
153368_53,47.324745,54.816944
153368_54,82.26242,37.046078
153368_55,44.87669,52.81209
153368_57,73.327,55.177666
153368_58,52.5,34.0
153368_59,56.34014,57.572918
153368_60,81.62667,44.010822
153368_61,74.92535,15.040692
153368_62,79.13256,23.18911
153368_63,78.44552,21.466938
153368_64,81.7301,43.553333
153368_65,82.16311,40.708576
153368_66,44.569702,14.538098
153368_68,52.5,34.0
153368_69,81.26713,45.331463
153368_70,82.23549,39.7531
153368_71,78.17719,51.264057
153368_73,81.63272,31.693443
153368_74,80.97239,28.86079
153368_75,47.167263,54.725002
153368_76,81.82992,43.070217
153368_77,67.79398,11.460487
153368_78,78.0788,20.59352
153368_79,51.07704,56.444813
153368_80,52.5,34.0
153368_81,82.2625,39.18912
153368_82,76.841576,52.723644
153368_84,81.77001,43.366894
153368_85,48.708122,55.507008
153368_86,81.35917,45.026066
153369_1,81.145836,45.708797
153369_2,80.658134,47.02702
153369_3,52.5,34.0
153369_4,52.5,34.0
153369_5,79.31701,23.661537
153369_7,55.790833,11.623793
153369_10,77.60801,19.560637
153369_11,77.08477,18.515507
153369_12,81.36404,45.009045
153369_13,81.738625,43.51399
153369_14,79.0845,23.06582
153369_15,75.44907,15.782348
153369_16,71.878746,55.848858
153369_17,78.724525,50.539295
153369_18,65.70785,11.327725
153369_19,79.988686,48.474094
153369_20,78.21493,20.91174
153369_21,79.17196,23.288681
153369_22,79.53726,24.241447
153369_23,74.62185,54.434963
153369_24,67.67995,57.105236
153369_25,72.06069,12.566512
153369_26,78.91542,50.268337
153369_27,80.09582,25.814743
153369_28,79.92851,48.589565
153369_29,52.5,34.0
153369_30,71.527466,12.308248
153369_31,52.5,34.0
153369_33,46.822433,54.510372
153369_34,79.92591,48.594566
153369_35,74.13979,54.732174
153369_37,70.292114,11.826758
153369_38,77.888626,20.163101
153369_39,73.409294,55.1355
153369_41,52.5,34.0
153369_42,47.06286,54.66187
153369_43,67.49395,11.440675
153369_44,77.79894,51.713314
153369_45,78.13252,51.318905
153369_46,78.72793,50.534447
153369_50,77.69515,19.74367
153369_51,48.61621,55.465076
153369_52,69.03679,56.79038
153369_54,59.762356,57.78669
153369_55,76.428,53.10381
153369_56,52.5,34.0
153369_57,71.06571,12.114591
153369_58,44.827873,14.346985
153369_60,77.324524,18.981697
153369_62,52.5,34.0
153369_63,49.792156,55.96552
153369_65,77.72968,51.79153
153369_66,76.55563,17.55074
153369_67,52.5,34.0
153369_68,81.661514,43.860516
153369_69,79.14236,23.214355
153369_70,81.53838,31.233154
153369_71,76.077866,53.395947
153369_72,74.253914,14.213954
153369_73,46.898434,54.55982
153369_76,52.5,34.0
153369_77,67.91698,11.468292
153369_78,43.531525,29.824686
153369_80,73.32206,13.346154
153369_82,45.17582,14.112645
153369_83,66.611015,11.376297
153369_84,74.423454,14.407277
153369_85,80.23863,47.9699
153369_86,52.5,34.0
153369_88,60.15463,57.794834
153370_1,46.011948,53.9345
153370_2,47.812714,12.972179
153370_3,55.22197,11.678041
153370_4,67.36404,11.431632
153370_5,77.80692,19.984455
153370_6,71.44239,12.270524
153370_7,80.22271,26.20249
153370_8,52.5,34.0
153370_9,47.317467,54.812855
153370_10,45.947693,53.880093
153370_11,79.36855,23.795855
153370_12,50.16468,12.443135
153370_13,50.322067,56.171436
153370_14,77.78393,19.933315
153370_16,63.214787,11.29538
153370_17,78.70338,22.122211
153370_18,46.895184,13.317712
153370_19,64.928215,11.296652
153370_20,64.489395,57.604366
153370_21,47.568615,54.950996
153370_22,81.57227,44.235313
153370_23,67.90136,11.467774
153370_24,45.21364,14.087829
153370_25,78.69657,50.57845
153370_26,62.177765,11.29166
153370_27,60.588123,11.315966
153370_28,77.72904,19.816319
153370_30,77.672134,51.85605
153370_31,49.4302,12.577639
153370_32,79.110344,23.133389
153370_33,81.5156,44.4584
153370_35,81.13844,45.730885
153370_36,73.0521,13.15028
153370_37,74.31992,14.28895
153370_38,47.478,54.90228
153370_39,44.779663,52.70484
153370_40,79.41781,49.491924
153370_41,81.57556,44.22207
153370_42,46.964348,54.60149
153370_43,52.5,34.0
153370_44,46.321327,13.563912
153370_45,77.72149,19.800312
153370_46,73.223915,13.273247
153370_47,77.70303,19.760197
153370_49,69.278114,11.6074095
153370_50,52.5,34.0
153370_51,80.864555,46.502728
153370_53,78.465836,21.517412
153370_54,69.70726,56.61157
153370_55,81.13067,29.48688
153370_56,78.55239,21.732246
153370_57,44.51597,52.333523
153370_58,47.719307,55.030235
153370_59,77.205605,18.747978
153370_60,73.9746,13.914012
153370_61,81.36216,45.0156
153370_63,69.78519,11.691319
153370_64,80.96465,46.231663
153370_65,73.92802,13.86812
153370_66,49.338066,12.589777
153370_67,47.04682,13.258474
153370_68,68.85074,11.553519
153370_69,79.00849,22.880901
153370_70,75.56019,53.792957
153370_71,61.88838,57.776775
153370_72,56.985607,11.51592
153370_73,74.15721,54.721657
153370_74,52.5,34.0
153370_75,79.16385,49.896442
153370_76,76.12426,16.824827
153370_78,52.5,34.0
153370_79,71.473976,12.28395
153370_80,52.776924,12.034434
153370_81,82.170784,40.626797
153370_83,51.045757,12.305723
153370_85,44.024803,46.026066
153370_86,81.11916,45.788197
153370_88,46.507828,54.2997
153370_89,76.457184,17.380016
153370_90,82.22943,39.853443
153370_91,80.29488,26.42761
153370_92,52.5,34.0
153371_1,68.806404,11.548612
153371_2,46.060852,13.670997
153371_3,62.279045,11.292228
153371_4,80.4406,47.5338
153371_5,50.83011,56.358437
153371_6,80.83662,46.576427
153371_7,62.85201,11.295991
153371_8,65.99274,11.344555
153371_9,61.29475,11.2988
153371_10,50.70495,12.359288
153371_11,63.631992,11.292276
153371_12,73.37835,55.151447
153371_13,81.485535,44.572643
153371_14,79.1851,23.321688
153371_15,82.257515,36.910458
153371_16,76.02984,53.4348
153371_17,76.13691,53.348248
153371_18,55.492867,57.4765
153371_19,71.08327,12.122404
153371_20,50.63986,56.28978
153371_21,55.05334,11.697581
153371_22,79.74947,48.920948
153371_23,70.90606,56.23128
153371_24,52.5,34.0
153371_25,76.695595,52.863647
153371_26,45.46344,13.938621
153371_27,82.252464,39.428883
153371_28,73.6439,13.60225
153371_29,78.68656,22.078379
153371_30,69.63731,56.631573
153371_31,74.14796,14.098673
153371_32,80.09324,25.807297
153371_34,78.69508,22.099695
153371_35,59.413147,11.352363
153371_36,60.096886,11.328431
153371_37,77.52943,19.396347
153371_38,77.946236,20.290716
153371_39,82.28129,37.86005
153371_40,60.84294,11.316362
153371_41,75.756424,16.244331
153371_42,52.5,34.0
153371_43,46.48403,13.4905405
153371_44,79.26654,23.531237
153371_45,72.06172,12.5673895
153371_48,45.310387,53.27074
153371_49,76.00622,16.633987
153371_50,64.26601,11.291037
153371_51,71.70833,55.919556
153371_52,80.27352,47.896053
153371_53,78.03683,20.497082
153371_54,51.906155,12.172927
153371_55,76.1931,16.937
153371_56,46.733208,54.452435
153371_57,77.88174,20.148125
153371_58,62.90919,11.295146
153371_60,81.84966,42.967342
153371_61,80.74058,46.82326
153371_62,81.49411,44.540344
153371_63,67.83665,57.07314
153371_64,55.119053,57.428715
153371_65,48.11508,12.865298
153371_66,81.98705,42.1616
153371_67,79.80672,48.817
153371_68,79.42477,49.480488
153371_69,80.859184,46.516983
153371_70,80.26739,47.90908
153371_71,64.82833,11.299472
153371_72,74.193214,14.150956
153371_73,52.5,34.0
153371_74,81.07818,45.90846
153371_75,74.3141,54.62766
153371_76,52.02358,56.751133
153371_77,76.950325,52.616905
153371_78,80.19779,48.055187
153371_79,48.20346,55.270935
153371_80,71.26645,12.196181
153371_81,82.28472,38.18289
153371_82,47.421513,54.8712
153371_83,69.97047,11.731247
153371_84,75.5897,53.771564
153371_85,81.57538,44.2228
153371_86,79.79678,24.946762
153371_87,72.25537,55.687687
153371_88,78.05631,51.41155
153372_1,43.81755,50.27045
153372_2,46.269363,13.585819
153372_3,65.191315,11.301093
153372_4,80.63212,47.089848
153372_5,78.38804,50.996365
153372_6,46.133396,13.64166
153372_7,80.93541,46.31223
153372_9,81.30639,45.20322
153372_10,66.658134,11.379052
153372_11,50.62038,12.373431
153372_12,70.64266,56.322018
153372_13,79.54125,24.251472
153372_14,76.06507,16.729326
153372_16,48.846245,55.569572
153372_17,72.19634,55.71356
153372_18,52.5,34.0
153372_19,79.209915,49.825058
153372_20,47.287838,54.795696
153372_21,77.255806,52.302757
153372_22,76.23063,16.998823
153372_24,50.660187,56.297302
153372_25,69.508385,11.6378975
153372_26,78.41657,21.39608
153372_27,60.83462,11.30922
153372_28,68.25951,11.491891
153372_29,77.32479,18.982374
153372_30,80.05763,48.33917
153372_31,68.4726,11.512259
153372_32,65.71704,11.329616
153372_33,82.21718,40.040073
153372_34,79.26264,49.7421
153372_35,46.16892,54.055782
153372_36,78.50438,21.613134
153372_38,52.5,34.0
153372_39,79.74223,48.934086
153372_40,52.5,34.0
153372_41,52.5,34.0
153372_42,52.5,34.0
153372_43,80.25232,26.294243
153372_44,82.15301,35.28188
153372_45,79.66775,24.592178
153372_46,77.00529,18.36524
153372_47,80.61921,47.120914
153372_48,81.73296,43.53996
153372_49,50.862,12.335296
153372_50,45.686684,13.831022
153372_51,46.672585,13.415691
153372_52,80.054405,48.345554
153372_53,47.07885,54.67179
153372_54,76.0293,53.436146
153372_55,81.18731,45.582737
153372_56,71.64803,55.94453
153372_57,81.057014,29.205807
153372_58,77.6671,19.684002
153372_59,47.008736,54.628815
153372_60,79.63239,24.497032
153372_61,52.5,34.0
153372_62,52.5,34.0
153372_63,52.5,34.0
153372_64,77.51527,19.367352
153372_65,42.989716,23.62548
153372_66,76.99768,52.569656
153372_67,52.5,34.0
153372_68,82.085014,34.604572
153372_69,80.9771,46.197083
153372_70,81.98637,42.165592
153372_71,81.81284,43.157215
153372_72,73.41303,55.13358
153372_73,45.83561,13.767699
153372_74,71.60763,12.345431
153372_75,74.9562,15.080724
153372_76,47.039417,54.64748
153372_77,81.962105,42.321262
153372_79,52.5,34.0
153372_80,81.76304,43.40019
153372_82,80.82174,46.615334
153372_83,82.20364,40.2322
153372_84,72.30776,12.693461
153372_85,79.341034,23.721327
153372_86,43.364,24.42565
153372_87,60.247795,57.79544
153372_88,80.86358,46.505318
153372_89,53.435417,57.11983
153372_90,74.17333,14.126246
153372_91,50.27332,56.152836
153372_92,46.819748,54.508938
153372_93,82.22714,36.283367
153372_94,52.5,34.0
153372_95,81.26528,45.337513
153372_96,52.5,34.0
153372_97,52.5,34.0
153373_1,81.97098,42.265263
153373_2,55.301563,11.671453
153373_3,72.82772,55.422947
153373_4,69.1236,11.586164
153373_5,46.173073,13.62281
153373_6,47.516632,54.92323
153373_7,80.967354,46.224133
153373_8,80.3655,26.653883
153373_9,79.188675,23.331276
153373_10,44.56123,14.543572
153373_13,42.557133,17.055569
153373_14,70.7873,56.273075
153373_15,62.87062,11.294562
153373_16,64.1947,11.291028
153373_17,73.01793,55.33188
153373_18,50.25633,56.14653
153373_19,46.80121,54.49706
153373_20,44.870552,52.80444
153373_21,65.76324,11.330646
153373_22,75.11184,54.1076
153373_23,78.58158,21.807613
153373_24,81.66213,43.858116
153373_25,67.64725,11.450899
153373_26,52.5,34.0
153373_27,59.441685,11.350299
153373_28,78.8314,50.388996
153373_29,77.34767,52.204754
153373_30,52.5,34.0
153373_31,76.24528,17.023064
153373_32,47.08857,54.677757
153373_34,79.41741,23.924082
153373_35,79.1269,49.95318
153373_36,78.38607,50.99908
153373_37,79.64668,49.103443
153373_38,77.716896,51.805943
153373_40,58.25423,11.411583
153373_41,78.44909,50.91589
153373_44,70.78919,56.27239
153373_45,76.435295,53.09749
153373_46,76.87025,52.695625
153373_47,56.277008,57.566536
153373_49,46.84175,54.52339
153373_50,47.309437,54.808277
153373_51,68.51235,11.516433
153373_52,76.54862,17.53854
153373_54,70.54347,11.868115
153373_55,49.319984,12.593652
153373_56,69.44316,56.684834
153373_57,81.41826,44.819042
153373_58,52.5,34.0
153373_60,81.2074,45.520645
153373_61,81.933876,42.494534
153373_63,47.417313,54.86883
153373_64,70.91586,56.227776
153373_65,60.144085,11.329666
153373_66,73.020515,13.127675
153373_67,70.22735,11.808058
153373_68,73.83698,13.778604
153373_70,72.696724,55.485783
153373_71,51.87211,56.70481
153373_72,51.517765,12.232742
153373_73,52.5,34.0
153373_76,81.4304,44.77549
153373_77,64.85317,11.292487
153373_78,52.5,34.0
153373_79,79.04888,22.980478
153373_80,69.1058,11.585288
153373_81,45.690094,13.823644
153373_82,67.86065,11.464424
153373_83,72.325775,12.70227
153373_84,78.288994,21.088
153373_86,73.416725,13.417694
153373_87,73.81916,13.761507
153373_88,76.64802,17.716457
153373_89,52.5,34.0
153373_90,52.5,34.0
153373_91,70.27139,56.442722
153373_92,79.33041,23.694729
153373_93,67.55084,11.443107
153373_94,80.37484,26.685064
153373_95,77.72353,19.80492
153373_96,64.7907,11.293574
153373_98,46.06099,13.672462
153373_99,69.21381,11.598983
153374_1,79.53959,24.24803
153374_2,81.27418,30.060566
153374_3,53.557465,11.9085245
153374_4,52.5,34.0
153374_5,47.40599,13.123389
153374_6,77.61123,19.566662
153374_7,77.66359,51.866043
153374_8,78.72976,50.531963
153374_9,47.925114,55.135723
153374_11,82.017136,41.95456
153374_12,81.778915,43.323853
153374_14,49.23122,55.736446
153374_15,47.048893,54.65339
153374_16,48.152718,55.246525
153374_18,47.016388,54.63358
153374_19,77.03216,52.53453
153374_20,76.47988,17.419277
153374_22,77.40488,52.14687
153374_23,52.5,34.0
153374_24,73.80543,54.923088
153374_25,81.58541,31.458391
153374_26,52.5,34.0
153374_27,47.04088,54.6487
153374_28,80.82368,46.610188
153374_30,72.95835,13.085805
153374_31,74.73411,14.784689
153374_32,47.25511,54.776913
153374_33,80.18661,26.089863
153374_36,79.233574,49.788055
153374_37,72.73957,12.940667
153374_38,75.76414,16.256407
153374_39,57.528072,57.674587
153374_40,51.46119,56.574337
153374_41,63.99046,11.291463
153374_43,78.99262,50.15509
153374_44,57.052658,57.637012
153374_45,80.25728,26.311665
153374_46,47.83444,55.08968
153374_47,81.491974,44.548542
153374_48,77.16632,52.395954
153374_49,81.70272,43.677334
153374_50,47.85633,55.10084
153374_51,79.42829,23.952517
153374_52,81.19854,45.548115
153374_53,48.89586,55.59194
153374_54,80.94729,28.759674
153374_55,52.5,34.0
153374_56,79.00181,22.864536
153374_57,47.084366,54.675156
153374_58,79.6847,24.636757
153374_59,82.22729,39.888588
153374_61,77.439384,19.21325
153374_62,52.5,34.0
153374_63,65.34798,11.3055315
153374_64,77.383385,19.097544
153374_65,82.01799,41.94693
153374_66,52.5,34.0
153374_67,78.60107,21.85736
153374_68,77.33612,19.004932
153374_69,79.79833,24.949718
153374_71,71.35255,12.232199
153374_73,79.90562,48.6331
153374_74,52.5,34.0
153374_75,72.36688,12.724645
153374_76,52.5,34.0
153374_77,73.948906,13.888298
153374_79,68.83525,11.552184
153374_80,76.03623,16.682617
153374_82,48.749924,12.711169
153374_83,52.5,34.0
153374_84,52.5,34.0
153374_85,79.148476,23.229355
153375_1,68.43405,11.508319
153375_2,44.08751,51.436462
153375_3,78.75805,50.492447
153375_5,52.5,34.0
153375_6,49.178802,12.62158
153375_7,72.50422,12.8001375
153375_8,77.851616,20.082375
153375_9,82.26951,38.981327
153375_10,52.5,34.0
153375_11,51.4182,12.247958
153375_12,78.47764,50.877987
153375_13,44.135162,43.926422
153375_14,48.50952,12.763861
153375_15,47.088066,54.677376
153375_16,79.82833,48.777267
153375_17,47.21431,54.752907
153375_18,64.96746,11.297267
153375_19,71.42796,12.26615
153375_20,80.04333,48.367477
153375_21,81.27299,45.3125
153375_22,52.5,34.0
153375_23,43.945396,36.63029
153375_24,65.41648,11.311009
153375_25,76.28262,17.08471
153375_26,82.21407,40.077023
153375_27,79.3034,23.626139
153375_28,45.90177,13.739097
153375_29,82.048416,34.29304
153375_30,69.27944,11.606579
153375_32,42.619152,20.377842
153375_33,75.42721,15.752987
153375_35,81.09992,29.367674
153375_36,81.71531,43.62044
153375_39,81.604126,44.10546
153375_40,68.110756,11.481342
153375_41,73.19497,55.244823
153375_42,45.97516,13.70641
153375_43,52.5,34.0
153375_44,74.71276,54.376003
153375_45,47.093666,13.238221
153375_46,44.322002,51.960915
153375_47,47.295975,54.80054
153375_48,76.36518,17.223198
153375_49,80.09613,48.262386
153375_50,52.616013,56.92087
153375_51,77.433815,19.20084
153375_53,68.19117,11.48574
153375_54,81.4012,44.879665
153375_55,47.55732,54.945004
153375_56,80.66575,27.68222
153375_57,56.56869,57.59541
153375_58,76.41961,17.315725
153375_59,43.394497,27.99127
153375_60,52.5,34.0
153375_61,52.5,34.0
153375_62,52.5,34.0
153375_63,48.68378,55.49593
153375_65,48.07484,55.208817
153375_66,81.64734,43.922394
153375_67,64.37988,11.291379
153375_68,81.1037,45.833828
153375_69,57.77338,57.6926
153375_70,78.103134,51.355022
153375_71,78.57692,50.74383
153375_72,81.26426,45.34074
153375_73,74.3328,14.302249
153375_77,65.90476,11.339489
153375_78,79.190125,23.334848
153375_79,78.46581,50.893658
153375_80,78.11472,20.676756
153375_82,47.22361,54.75847
153375_83,77.23882,18.813017
153375_84,81.67935,43.781788
153376_1,48.277714,55.30645
153376_2,67.35072,11.429872
153376_3,63.697243,11.292379
153376_4,79.320595,23.670559
153376_5,47.548195,54.940075
153376_6,77.69641,19.746708
153376_7,70.86414,12.037045
153376_8,80.46737,26.993177
153376_9,78.08509,20.60572
153376_10,81.34463,30.35711
153376_11,52.5,34.0
153376_12,65.725105,11.3293085
153376_13,76.64601,17.709724
153376_15,74.73135,54.36388
153376_16,74.29716,54.637966
153376_18,52.99089,12.001979
153376_19,78.243065,51.18199
153376_22,47.231304,54.76302
153376_23,73.84434,13.785948
153376_24,56.029533,57.53997
153376_25,48.432335,55.379482
153376_26,62.88599,11.294656
153376_27,64.13912,11.291715
153376_28,46.80727,13.353646
153376_29,77.28089,18.89576
153376_30,76.26751,53.240643
153376_31,80.154274,48.144756
153376_33,75.63409,16.0626
153376_34,78.50261,21.608662
153376_35,80.79041,46.69633
153376_36,65.60555,11.321401
153376_39,52.5,34.0
153376_40,77.079475,18.505577
153376_41,47.021038,54.636494
153376_42,46.17834,54.062267
153376_43,77.89782,20.18374
153376_44,52.5,34.0
153376_47,75.2248,15.456459
153376_48,76.5811,52.968002
153376_49,78.53375,21.686676
153376_50,79.11181,23.137634
153376_51,79.52046,24.195864
153376_52,80.95568,46.25651
153376_53,69.3306,56.714718
153376_54,72.37685,12.72936
153376_55,80.777596,46.72916
153376_56,52.5,34.0
153376_57,46.540676,13.470223
153376_60,78.77731,22.317516
153376_61,64.0005,11.291589
153376_62,80.33621,47.76205
153376_63,81.545654,44.341297
153376_64,62.42708,57.754883
153376_65,77.40604,19.144651
153376_66,76.274124,17.070244
153376_67,69.48136,11.634624
153376_68,49.31092,55.769413
153376_69,72.809975,12.987107
153376_70,78.50414,21.612556
153376_71,47.826054,55.085384
153376_72,76.66332,17.74058
153376_73,52.5,34.0
153376_75,52.5,34.0
153376_76,82.144005,35.183723
153376_77,79.97944,25.468882
153376_78,72.92602,13.064152
153376_79,52.5,34.0
153376_80,43.76931,49.192974
153376_81,65.15619,11.299665
153376_82,66.91996,11.396882
153376_83,79.64704,24.533484
153376_84,78.8834,22.576334
153376_85,81.040825,46.01666
153376_86,74.74819,54.352768
153376_87,76.8644,52.701397
153376_88,79.82795,25.033913
153376_89,73.28643,13.319643
153377_1,75.30223,15.568225
153377_2,73.14626,55.268826
153377_3,59.87651,11.335828
153377_7,81.522545,44.431484
153377_8,52.5,34.0
153377_9,46.902008,54.56211
153377_10,52.5,34.0
153377_11,47.204697,54.747196
153377_12,47.627056,54.981983
153377_13,81.57697,44.216442
153377_14,48.730785,55.5173
153377_15,47.220688,54.756855
153377_16,80.197975,26.125675
153377_17,81.04085,29.141968
153377_18,47.323772,54.816444
153377_19,46.961002,13.289689
153377_20,46.752396,13.37674
153377_21,45.42031,13.957767
153377_22,75.62353,53.74674
153377_23,54.151928,11.81465
153377_24,82.139534,40.94973
153377_25,61.36824,11.297149
153377_26,52.5,34.0
153377_27,78.63225,21.937483
153377_28,68.428505,11.511231
153377_29,81.39721,44.893665
153377_30,47.13596,54.706127
153377_31,75.30843,53.97096
153377_32,52.5,34.0
153377_33,81.9096,42.63754
153377_34,81.207146,45.521435
153377_35,52.5,34.0
153377_36,47.8778,55.11146
153377_37,79.334724,23.706306
153377_38,68.44816,11.510438
153377_39,80.419106,26.832367
153377_40,79.01328,22.89256
153377_41,45.60836,13.860724
153377_42,61.167957,11.299151
153377_43,75.451965,15.787198
153377_44,52.5,34.0
153377_45,73.6872,13.637608
153377_46,81.04409,29.157457
153377_47,79.3766,23.815369
153377_48,47.6809,55.010227
153377_49,49.75141,55.949257
153377_50,47.073883,54.66858
153377_51,69.65078,11.6644945
153377_52,54.958176,11.706674
153377_53,52.469757,56.88135
153377_54,79.89947,25.239262
153377_55,77.474174,52.07159
153377_56,68.79151,11.546606
153377_58,47.319057,54.813763
153377_59,53.339333,11.945249
153377_60,78.50512,50.84112
153377_63,77.093956,52.471004
153377_64,74.86755,14.962089
153377_65,59.19486,11.357921
153377_66,78.62702,50.675053
153377_67,79.87158,25.158112
153377_68,48.039825,12.890523
153377_69,67.073555,11.408012
153377_70,77.884895,20.155092
153377_72,45.80494,13.778978
153377_73,81.70791,43.65381
153377_74,80.57093,47.23525
153378_1,60.4642,11.320214
153378_2,47.3364,54.823555
153378_3,63.932327,11.291028
153378_4,52.22619,12.125613
153378_5,73.51339,13.490939
153378_6,77.17786,18.692783
153378_8,47.64684,54.99212
153378_9,78.480934,21.55466
153378_11,47.74146,55.041763
153378_12,49.435833,55.82089
153378_13,46.28205,54.138813
153378_14,75.35732,15.649886
153378_15,76.88549,52.68074
153378_16,47.680107,55.009815
153378_17,77.1004,18.545538
153378_18,82.028404,34.125652
153378_19,78.31568,51.090336
153378_20,77.22251,18.781174
153378_21,46.114872,13.648762
153378_22,60.15898,11.3307905
153378_23,77.069466,18.485046
153378_24,78.34836,21.230341
153378_25,47.247528,13.181737
153378_26,62.67713,11.294055
153378_27,69.03236,11.574436
153378_28,74.23658,14.193488
153378_29,77.457375,19.248985
153378_30,77.17431,18.687721
153378_31,48.188194,12.836421
153378_32,45.50534,13.9108715
153378_33,81.768005,43.3766
153378_34,72.36611,55.63846
153378_35,47.5389,13.074207
153378_36,53.756996,11.87916
153378_37,61.84981,11.293902
153378_38,59.800728,11.33937
153378_39,79.06943,23.031525
153378_40,81.82744,43.082966
153378_41,73.56287,13.533303
153378_42,73.58689,55.042095
153378_43,81.369514,44.990135
153378_44,47.444374,54.88384
153378_45,80.902214,46.402252
153378_46,78.61937,21.90421
153378_47,82.04243,41.769924
153378_48,60.054752,11.332196
153378_49,79.13223,23.188513
153378_50,56.11097,57.54884
153378_51,47.969574,55.15743
153378_52,81.89642,42.71237
153378_53,73.74688,54.955402
153378_55,52.5,34.0
153378_56,52.5,34.0
153378_58,46.53595,13.468453
153378_59,79.89197,48.658703
153378_60,81.71908,43.603252
153378_61,47.54393,54.9378
153378_62,75.838066,16.370693
153378_64,67.17859,57.207367
153378_65,47.702446,55.021465
153378_66,53.584686,57.152447
153378_67,72.18844,12.631901
153378_69,45.539703,13.895137
153378_70,78.5392,50.795094
153378_71,52.5,34.0
153378_72,68.21328,11.488773
153378_73,51.46398,56.575356
153378_74,54.631588,57.35898
153378_75,82.04564,41.745598
153378_76,79.3356,23.708788
153378_77,81.65792,43.876514
153378_78,78.06245,20.555965
153378_79,70.57748,11.927494
153378_80,82.23007,39.84305
153378_81,73.92312,54.857174
153378_82,44.884468,14.302936
153378_83,55.969948,11.606412
153378_84,76.35698,17.20929
153378_85,75.92613,53.516827
153378_86,48.470993,12.7709875
153378_87,47.224236,54.758923
153378_88,45.21122,14.087158
153378_89,80.74909,46.801533
153378_90,47.88036,55.11304
153378_91,80.58401,47.204224
153378_92,47.62162,54.97905
153378_93,52.5,34.0
153379_1,49.535027,12.553611
153379_2,46.848167,13.338585
153379_3,43.201733,15.826634
153379_4,46.120552,13.644816
153379_5,46.11691,13.649695
153379_6,79.54386,24.257078
153379_7,76.26612,17.056843
153379_9,43.300564,26.86609
153379_11,46.84259,54.523502
153379_12,52.5,34.0
153379_13,70.59327,11.934176
153379_15,52.5,34.0
153379_16,46.825447,54.51273
153379_17,48.223804,55.28069
153379_18,80.98564,46.173264
153379_19,52.15776,56.79118
153379_20,46.780926,54.48344
153379_21,79.85429,48.729183
153379_22,78.34486,21.22185
153379_23,70.28077,56.4399
153379_24,66.22151,11.355678
153379_25,47.627,54.9819
153379_26,45.467476,13.933278
153379_27,47.3713,54.843212
153379_29,45.39865,13.96921
153379_30,52.53536,56.899433
153379_31,80.85407,46.53053
153379_32,52.5,34.0
153379_33,78.012596,20.441904
153379_34,46.645134,13.423669
153379_35,76.552345,52.99401
153379_36,48.046783,12.886888
153379_37,46.72639,54.44759
153379_38,42.93525,23.612162
153379_39,77.31872,52.23528
153379_40,81.59707,44.13445
153379_41,78.262115,21.023542
153379_42,48.90596,12.678526
153379_43,49.245766,12.608106
153379_44,46.17079,13.626342
153379_45,78.61313,50.69401
153379_46,47.02791,54.640724
153379_47,50.91646,12.32694
153379_48,42.529083,19.22752
153379_49,45.663933,13.836286
153379_50,43.78474,33.459854
153379_51,44.61043,52.47884
153379_52,80.21235,48.024868
153379_54,46.011913,53.934402
153379_55,52.5,34.0
153379_56,44.105667,41.048122
153379_57,72.93766,13.072476
153379_58,49.002365,12.657112
153379_59,82.19532,40.332603
153379_60,47.754284,55.04842
153379_61,61.014793,11.302393
153379_62,47.853767,12.956703
153379_63,82.170006,40.632877
153379_64,77.67829,51.848995
153379_65,69.475075,56.67615
153379_66,77.62478,19.595676
153379_67,76.57737,17.588882
153379_68,73.11011,13.191134
153379_69,74.10244,14.049186
153379_70,70.57842,56.343502
153379_71,81.457985,44.67518
153379_72,46.865723,54.538414
153379_73,79.660065,49.079987
153379_74,47.0579,54.659077
153379_75,78.260994,21.020832
153379_76,52.5,34.0
153379_77,80.205315,26.148005
153379_78,76.77304,52.789513
153379_79,61.912807,11.291812
153379_80,69.79058,56.5877
153379_81,52.5,34.0
153379_82,71.13357,12.141221
153379_84,76.54855,52.99737
153379_87,62.951538,57.727413
153379_88,52.5,34.0
153379_89,52.5,34.0
153379_90,52.5,34.0
153379_91,75.345474,53.945343
153379_92,77.98,51.502777
153379_93,52.5,34.0
153379_94,81.149666,45.69723
153379_96,81.76209,32.38454
153379_97,56.200462,57.55886
153379_98,73.98966,13.927171
153379_100,82.27094,37.32612
153380_1,63.264183,11.295803
153380_2,66.254234,57.37154
153380_3,47.002193,54.62481
153380_4,74.10653,54.751446
153380_5,79.45533,24.024168
153380_6,71.78562,55.887253
153380_8,73.58889,13.5546255
153380_9,78.39413,21.340612
153380_10,52.5,34.0
153380_11,45.861916,53.804344
153380_12,73.33347,13.355261
153380_13,72.648926,55.50855
153380_15,46.602257,54.365253
153380_16,73.6454,55.01071
153380_17,80.68305,46.96606
153380_18,82.23073,39.831974
153380_20,76.063225,16.725796
153380_21,43.087223,24.925623
153380_22,77.769585,51.746452
153380_23,73.33933,55.17139
153380_24,72.3628,55.639923
153380_25,80.11282,48.228912
153380_26,71.56669,12.325238
153380_27,52.64123,56.92733
153380_28,64.23184,11.291552
153380_29,42.495472,17.306644
153380_30,74.836845,14.921365
153380_31,47.44229,54.88268
153380_32,71.454094,56.023167
153380_33,82.258415,39.291817
153380_34,52.5,34.0
153380_35,52.5,34.0
153380_36,46.12418,13.647113
153380_37,76.14895,53.338375
153380_38,73.21249,13.264788
153380_39,74.41972,14.400963
153380_40,46.1644,13.628491
153380_41,61.53971,57.78558
153380_42,52.5,34.0
153380_44,79.28355,23.574444
153380_45,65.239105,11.302061
153380_46,81.604576,44.103443
153380_47,76.020164,16.659992
153380_48,80.74616,46.808987
153380_49,74.12733,54.746
153380_50,77.95738,20.31678
153380_52,69.92428,11.722896
153380_53,76.9977,18.350853
153380_54,80.345924,47.74117
153380_55,73.74926,13.6935005
153380_57,49.270626,12.603082
153380_58,52.5,34.0
153380_59,75.99738,16.620106
153380_61,78.15046,51.296963
153380_62,70.2221,11.804942
153380_63,50.788647,12.346033
153380_64,60.259003,11.326787
153380_65,63.72363,11.292517
153380_66,48.665794,55.487698
153380_67,81.489204,44.55901
153380_68,60.987,11.303456
153380_69,79.80388,48.822224
153380_70,49.078255,55.672
153380_71,51.59615,56.618046
153380_72,80.14933,48.15484
153380_74,81.04161,29.144726
153380_75,72.48124,55.58627
153380_76,81.33939,45.093163
153380_77,61.97915,11.293583
153380_78,79.34112,23.719408
153380_79,47.11692,13.232631
153380_80,70.12608,11.773892
153380_81,80.681786,46.96922
153380_82,78.76818,22.291874
153380_83,77.24485,18.82503
153380_84,68.247536,11.490959
153380_85,52.5,34.0
153380_86,81.88328,33.10197
153380_87,67.1101,11.411092
153380_88,52.5,34.0
153380_89,52.5,34.0
153380_90,52.5,34.0
153380_91,77.06849,18.484058
153380_92,52.5,34.0
153380_93,45.85212,53.794395
153380_94,61.71673,57.78168
153380_95,73.870224,54.887005
153380_96,78.519325,50.821922
153380_97,52.5,34.0
153380_98,79.91073,25.269878
153380_99,48.51857,55.41981
153380_100,71.978226,12.5249815
153380_101,42.847694,16.362762
153380_102,69.629326,11.66117
153380_103,69.87997,56.561592
153380_104,52.5,34.0
153380_105,74.301704,14.268139
153380_106,81.96563,33.656483
153380_107,72.12052,12.597219
153381_1,57.59718,11.464939
153381_2,47.212368,54.752018
153381_3,52.5,34.0
153381_4,46.880375,13.32256
153381_5,77.37632,19.083448
153381_6,81.286316,45.269455
153381_7,67.263466,11.424056
153381_8,45.954376,53.88644
153381_10,43.792328,49.555035
153381_11,52.5,34.0
153381_12,80.90453,28.58701
153381_13,79.11767,49.967274
153381_14,81.32356,45.14629
153381_16,72.66705,12.895383
153381_17,53.023674,11.997306
153381_18,78.72749,50.535114
153381_21,49.466072,55.833588
153381_22,46.25348,13.58946
153381_23,47.364403,54.83936
153381_24,78.73589,22.207682
153381_25,80.43257,47.55103
153381_26,74.88499,54.261723
153381_27,81.25602,45.367058
153381_28,74.712006,54.376484
153381_29,82.23379,39.7816
153381_30,73.52836,13.504801
153381_31,80.79273,28.151413
153381_32,46.12702,13.64226
153381_33,78.28498,21.078224
153381_34,81.533226,44.38994
153381_35,71.581245,12.333331
153381_36,52.5,34.0
153381_37,81.43734,44.75043
153381_39,73.25495,13.296675
153381_41,78.49824,50.8504
153381_42,80.78341,46.714138
153381_43,69.70586,11.676069
153381_44,67.51089,11.441211
153381_45,51.67984,12.207501
153381_46,49.073467,55.67001
153381_47,54.648224,11.742526
153381_48,81.7439,43.490105
153381_49,82.13919,40.953568
153381_50,52.5,34.0
153381_51,65.00994,11.29787
153381_52,74.11799,14.0634365
153381_55,81.82647,43.088036
153381_57,80.59117,47.187496
153381_58,47.34041,54.82573
153381_59,76.8299,18.040565
153381_60,62.099606,57.76869
153381_61,74.02238,54.800465
153381_62,81.6585,43.87383
153381_63,82.247856,39.522488
153381_64,56.66496,11.541169
153381_65,47.45173,54.88792
153381_66,75.252556,54.009396
153381_67,79.415665,49.495472
153381_68,52.5,34.0
153381_70,71.08091,12.121849
153381_71,81.50265,44.50799
153381_72,79.21371,23.39266
153381_73,69.940315,56.543976
153381_74,79.8292,48.775597
153381_75,77.046104,52.52034
153381_76,78.710464,22.140804
153381_79,52.5,34.0
153381_80,62.40199,11.290009
153381_82,82.019226,34.05011
153381_83,52.5,34.0
153381_84,74.40423,14.384857
153381_85,81.09544,45.858166
153381_88,52.5,34.0
153381_89,80.46191,47.485355
153381_90,53.17666,11.970986
153381_92,48.737083,55.520176
153381_93,52.5,34.0
153381_94,52.5,34.0
153381_95,78.71474,22.150902
153381_96,52.5,34.0
153382_1,69.46193,11.632114
153382_2,47.930782,55.138508
153382_3,79.534,49.297688
153382_4,72.31362,12.697308
153382_5,70.94373,12.067383
153382_6,75.03396,15.186927
153382_7,80.94253,46.292675
153382_8,71.88747,12.48068
153382_10,78.649994,50.64331
153382_11,45.073586,14.183415
153382_12,80.71105,46.89691
153382_13,76.45936,17.385975
153382_14,71.40293,56.043606
153382_15,45.93001,13.722588
153382_16,45.856194,13.75403
153382_17,82.00704,42.024864
153382_18,70.12701,11.775033
153382_19,73.66269,55.00137
153382_20,79.97115,48.508
153382_22,79.67837,49.04797
153382_23,72.19012,12.632353
153382_24,78.50542,50.84069
153382_25,47.17776,54.731342
153382_26,47.101566,54.68551
153382_27,46.77301,54.478558
153382_28,80.95122,46.268787
153382_29,63.623856,11.292502
153382_30,78.360214,51.032787
153382_31,79.37894,49.555546
153382_32,82.16098,40.732777
153382_34,78.66514,22.022497
153382_35,78.531296,50.805874
153382_36,78.14051,51.30924
153382_37,55.614307,11.641183
153382_38,63.57141,11.294179
153382_39,79.84377,25.079035
153382_40,64.78756,57.572414
153382_41,79.24337,23.467924
153382_42,79.33204,23.699677
153382_43,50.329353,56.17416
153382_44,52.5,34.0
153382_45,76.788666,52.7745
153382_47,80.220634,48.007633
153382_49,46.394386,13.529905
153382_50,46.838425,54.521114
153382_51,78.899376,22.61537
153382_52,77.48324,52.061962
153382_53,80.34789,26.59881
153382_54,81.160934,45.663254
153382_55,73.50431,13.486173
153382_56,43.695366,32.47115
153382_57,55.39633,11.661078
153382_58,63.46186,11.29361
153382_59,81.81726,43.134663
153382_63,53.12494,57.047417
153382_64,81.38548,44.934883
153382_65,47.02234,54.637196
153382_66,52.5,34.0
153382_67,74.72816,14.779073
153382_68,74.14956,14.097184
153382_70,73.96343,13.90003
153382_71,81.15746,45.673737
153382_72,49.380035,12.582558
153382_73,77.62618,51.907032
153382_75,47.372025,13.135624
153382_76,48.105473,55.223644
153382_77,47.13744,54.707184
153382_78,81.74361,43.490917
153382_80,52.5,34.0
153382_81,82.26861,37.23741
153382_82,52.5,34.0
153382_83,77.8594,20.099312
153382_84,52.5,34.0
153382_85,74.609566,14.620534
153382_87,79.232155,23.440752
153382_88,73.929665,13.866508
153382_89,46.34901,54.18745
153383_1,81.20829,45.517838
153383_2,52.5,34.0
153383_4,79.69538,49.01765
153383_5,79.68802,49.030743
153383_6,72.060486,12.566409
153383_7,76.724594,17.848707
153383_8,47.69264,55.016327
153383_9,78.56167,21.757092
153383_10,81.01316,46.095474
153383_11,70.22923,56.45599
153383_13,82.25716,39.319862
153383_14,49.999,12.472424
153383_15,71.18426,56.128483
153383_16,63.366245,11.294206
153383_17,53.24157,57.075108
153383_18,71.04202,56.1815
153383_19,52.5,34.0
153383_20,58.72467,11.383536
153383_21,55.839108,11.6183605
153383_22,67.72624,57.09678
153383_23,64.963615,11.297357
153383_24,78.084724,51.377453
153383_25,81.13296,45.74739
153383_26,45.9746,13.70872
153383_27,81.52158,44.435276
153383_28,69.21858,11.599625
153383_29,76.719765,17.841206
153383_30,52.5,34.0
153383_31,50.570686,56.264458
153383_32,46.87883,54.547073
153383_34,63.997765,11.291318
153383_35,77.802246,19.974197
153383_36,77.30584,18.944885
153383_37,46.860733,54.535366
153383_38,67.54406,11.4431305
153383_39,69.030716,56.792007
153383_40,76.47273,53.064785
153383_41,80.33978,26.572315
153383_42,47.9272,55.136715
153383_43,45.071667,14.176967
153383_44,75.547905,53.801865
153383_45,80.95187,46.267273
153383_46,79.73708,24.781025
153383_47,78.191475,20.856403
153383_48,81.2715,30.050964
153383_49,72.36759,12.724404
153383_50,47.036926,54.648827
153383_51,48.420494,55.374012
153383_53,52.5,34.0
153383_54,46.440178,13.510296
153383_55,47.485626,54.906574
153383_56,77.680695,19.71366
153383_57,78.820625,22.421753
153383_58,76.11911,16.816591
153383_59,82.1858,40.447357
153383_60,64.92899,11.296672
153383_62,74.36252,14.336928
153383_64,80.917274,46.36166
153383_65,46.868736,54.5405
153383_66,59.920925,11.335915
153383_67,71.78817,55.88618
153383_68,72.5397,12.8222
153383_69,79.858635,48.720913
153383_70,49.957916,12.479978
153383_71,77.98152,51.501072
153383_73,52.5,34.0
153383_74,50.363808,56.18716
153383_75,45.778034,53.72704
153383_76,65.883606,57.429173
153383_77,48.3864,55.35795
153383_78,81.62855,44.00278
153383_79,81.3696,44.98991
153383_80,80.21487,26.177301
153383_81,43.380554,27.823883
153383_82,81.04153,46.014454
153383_83,79.64807,49.10113
153383_84,72.8379,55.41847
153383_86,48.670807,55.489994
153384_1,50.819714,56.354645
153384_2,47.09864,54.68373
153384_3,49.692856,12.52652
153384_4,42.535988,17.134054
153384_5,65.76598,11.330952
153384_6,74.66251,54.40878
153384_7,78.96129,50.20112
153384_9,66.697624,11.378302
153384_10,48.516193,55.41866
153384_11,54.4573,11.769362
153384_12,80.41004,26.80215
153384_15,74.949165,54.218243
153384_16,61.11227,11.301366
153384_17,47.42904,54.875343
153384_18,52.5,34.0
153384_19,78.57347,21.786543
153384_20,52.5,34.0
153384_21,74.44546,14.448312
153384_23,48.21017,12.829924
153384_24,77.00539,18.364285
153384_25,73.5413,13.514287
153384_27,70.183235,56.47034
153384_28,76.132164,53.352158
153384_29,75.51583,15.8811
153384_30,67.35403,57.17234
153384_32,78.795815,22.364017
153384_33,71.761986,55.897205
153384_34,81.39041,44.917492
153384_35,47.012985,13.268334
153384_36,52.5,34.0
153384_37,78.716606,22.156248
153384_38,46.01581,53.937397
153384_39,52.5,34.0
153384_40,46.192833,13.613211
153384_43,68.91523,11.561277
153384_44,79.16677,23.275465
153384_45,79.300285,23.614824
153384_46,80.222786,48.0031
153384_48,52.5,34.0
153384_49,46.22458,13.6041155
153384_50,47.57825,54.956074
153384_51,79.02596,22.92083
153384_52,47.256798,54.777866
153384_53,65.35035,11.305955
153384_54,52.5,34.0
153384_55,69.426575,11.626458
153384_58,81.4573,44.67781
153384_60,74.76473,54.341846
153384_61,74.7714,14.833754
153384_62,52.5,34.0
153384_63,78.54093,50.792564
153384_65,79.98147,48.488068
153384_66,81.47824,44.599873
153384_69,76.58666,17.604094
153384_70,47.796795,12.9774
153384_71,79.614204,49.160015
153384_73,78.38729,21.324654
153384_74,46.97716,54.60943
153384_75,78.544106,21.711897
153384_76,82.02137,34.07477
153384_77,52.5,34.0
153384_80,42.471905,18.639519
153384_81,43.419697,27.83288
153384_82,71.644554,12.362816
153384_85,81.40005,44.88361
153384_86,75.597084,16.002558
153384_87,74.988625,54.191643
153384_88,52.5,34.0
153384_89,52.5,34.0
153384_90,42.962025,23.166447
153384_91,52.5,34.0
153384_93,80.124664,25.901033
153384_94,52.5,34.0
153384_95,79.05269,22.987064
153384_96,52.5,34.0
153384_97,52.5,34.0
153384_98,52.424538,56.868614
153384_99,46.75028,13.382855
153384_100,82.18304,35.639233
153384_101,46.768585,54.47572
153384_103,47.059814,54.660027
153384_104,79.747215,24.809208
153384_105,52.5,34.0
153384_106,52.5,34.0
153384_107,79.86754,25.14887
153384_108,75.12574,15.316394
153384_109,74.88503,54.26166
153384_110,69.264626,11.604186
153384_111,79.75884,48.904118
153384_113,79.19697,23.349533
153384_114,52.5,34.0
153384_116,52.5,34.0
153384_117,78.17718,51.264095
153384_119,82.053535,41.685608
153385_1,65.75585,11.330729
153385_2,47.680527,13.023105
153385_3,50.285774,56.15763
153385_4,46.92373,54.575935
153385_5,73.25369,55.21494
153385_6,78.81347,22.407963
153385_7,64.5431,57.598846
153385_8,72.0855,12.579127
153385_9,76.200516,53.29624
153385_10,81.31733,45.167038
153385_11,79.74668,48.92603
153385_12,48.529236,12.768244
153385_13,70.44219,11.8819
153385_16,42.705124,16.673151
153385_17,76.1961,53.29993
153385_18,45.617687,53.57829
153385_19,47.282784,54.79298
153385_20,79.334694,23.704369
153385_21,47.94735,55.14661
153385_22,52.5,34.0
153385_23,81.2588,45.358307
153385_24,48.202255,12.854047
153385_25,78.6115,21.884068
153385_26,49.143593,12.628949
153385_28,79.30692,49.672016
153385_30,47.225845,54.75977
153385_31,63.96064,11.291495
153385_34,61.528263,11.296499
153385_35,46.336357,54.178524
153385_36,80.47006,47.467113
153385_38,78.19587,20.865131
153385_39,81.13592,45.738457
153385_40,81.97986,42.20747
153385_41,64.99333,11.297801
153385_42,78.55666,21.74454
153385_43,78.56977,21.777767
153385_44,79.36442,49.57903
153385_45,80.99416,46.149307
153385_47,81.276855,45.299923
153385_48,44.802437,52.729607
153385_49,43.813408,50.26844
153385_50,50.057617,12.462304
153385_51,72.36421,55.63928
153385_52,80.206085,48.03777
153385_53,80.94784,46.278072
153385_54,44.495804,52.29243
153385_55,63.573975,11.292735
153385_58,58.718575,57.74804
153385_59,78.78923,22.34629
153385_60,71.71491,12.396466
153385_61,43.436428,27.820627
153385_63,77.04191,52.52467
153385_64,64.7985,11.294769
153385_65,53.511917,11.916182
153385_66,78.15722,20.773216
153385_67,78.2839,51.130596
153385_68,79.50463,24.153912
153385_69,71.38952,56.04889
153385_70,44.574276,52.424305
153385_72,77.85251,51.651863
153385_74,52.5,34.0
153385_75,51.141407,12.29296
153385_76,71.43209,12.265778
153385_77,52.5,34.0
153385_79,45.941345,13.722161
153385_80,68.67286,11.534032
153385_81,59.756187,11.340722
153385_82,47.56468,54.94885
153385_83,80.95706,28.797504
153385_84,76.7063,52.852497
153385_89,79.85793,48.72231
153385_90,52.5,34.0
153386_1,71.46007,12.278161
153386_2,81.69558,43.709747
153386_3,52.5,34.0
153386_4,82.28199,38.36584
153386_5,67.49795,11.440773
153386_6,80.27918,47.883865
153386_7,54.0717,57.25353
153386_8,62.78444,11.294227
153386_10,78.76635,50.480656
153386_12,71.838234,55.865627
153386_13,52.5,34.0
153386_14,47.62314,54.97983
153386_15,81.293816,45.244686
153386_16,70.26093,11.817871
153386_17,52.5,34.0
153386_18,52.5,34.0
153386_20,78.30505,51.10362
153386_21,75.53646,15.912
153386_22,67.094406,57.223267
153386_23,78.37777,21.3013
153386_24,81.86166,42.903526
153386_25,71.98449,12.528626
153386_26,52.5,34.0
153386_28,82.21026,36.016846
153386_29,80.30509,47.828735
153386_31,52.5,34.0
153386_33,62.160667,57.766357
153386_34,71.18159,12.160413
153386_35,50.824814,56.35651
153386_36,76.823006,18.027882
153386_37,46.950386,54.59271
153386_38,77.85917,51.644215
153386_39,47.359173,13.139924
153386_40,49.72692,55.939434
153386_41,52.5,34.0
153386_42,79.12068,23.157907
153386_43,80.10548,48.243702
153386_44,48.59301,55.454372
153386_45,80.02004,25.59025
153386_46,52.5,34.0
153386_47,77.29456,52.26131
153386_48,51.24238,12.276042
153386_49,48.85068,55.571575
153386_50,81.46864,44.635674
153386_51,48.180664,55.259953
153386_52,68.89526,56.82698
153386_53,47.407726,54.86347
153386_54,52.5,34.0
153386_55,81.842155,43.007183
153386_56,76.35813,53.164036
153386_57,77.6621,19.674145
153386_58,69.26337,56.732456
153386_59,76.20707,53.290855
153386_60,75.88579,16.445126
153386_61,75.28471,15.542321
153386_62,44.434566,14.678632
153386_63,81.1417,45.721245
153386_64,76.26937,53.239124
153386_66,69.660835,11.667566
153386_67,67.70735,57.09988
153386_69,69.15131,11.590819
153386_70,45.059135,14.200351
153386_72,60.709297,11.312636
153386_73,45.02366,14.210143
153386_74,52.5,34.0
153386_76,81.58332,44.19096
153386_77,80.19172,48.06774
153386_78,64.56552,11.291177
153386_79,78.741585,22.22233
153386_80,79.813896,24.995731
153386_81,80.90705,46.389214
153386_82,52.5,34.0
153387_1,65.92614,11.340736
153387_2,71.824104,12.449847
153387_3,71.09869,56.160545
153387_4,77.636284,19.619665
153387_5,74.49598,54.515476
153387_6,49.31575,55.771595
153387_7,51.58863,12.223357
153387_8,81.38156,44.94855
153387_10,73.26796,13.303889
153387_11,48.33181,55.33215
153387_12,78.93871,22.707226
153387_13,69.10578,11.584723
153387_14,78.62322,21.914145
153387_15,45.297554,14.033048
153387_16,77.47994,19.294825
153387_17,76.509346,17.469326
153387_18,72.4488,12.769023
153387_19,81.628914,31.673912
153387_20,51.18435,12.28532
153387_21,80.53263,47.324352
153387_22,52.5,34.0
153387_25,76.46293,17.392843
153387_26,51.44571,12.244578
153387_27,82.05749,41.65588
153387_29,76.54029,53.00486
153387_30,67.16986,11.416112
153387_31,64.03044,11.29152
153387_32,79.70261,49.004997
153387_33,80.96732,46.22404
153387_34,73.68224,13.636575
153387_35,45.89175,53.831425
153387_36,80.31673,26.4975
153387_37,43.99437,51.09312
153387_38,77.6513,19.651217
153387_39,46.06631,13.669583
153387_40,52.5,34.0
153387_41,47.226524,54.760174
153387_42,78.31728,21.15382
153387_43,80.28797,47.86517
153387_44,78.339294,21.208275
153387_45,70.58577,56.34124
153387_46,77.89826,20.184582
153387_47,81.84171,43.00921
153387_48,47.59752,54.966373
153387_49,61.56749,11.298034
153387_50,81.71366,43.62808
153387_51,81.3944,44.903484
153387_52,50.885742,56.378147
153387_54,79.50048,24.143148
153387_55,47.762897,55.052776
153387_56,75.98394,53.47118
153387_57,77.12328,18.589176
153387_58,58.995697,11.368818
153387_59,74.335945,54.614452
153387_60,47.59381,13.055759
153387_61,69.892845,11.714999
153387_62,77.29402,18.919876
153387_63,81.72252,43.58845
153387_64,75.06487,54.139927
153387_66,52.5,34.0
153387_67,69.601906,11.652896
153387_68,70.1828,11.791413
153387_69,76.996284,18.348276
153387_70,46.29191,54.145824
153387_71,49.074703,12.641974
153387_72,80.653534,47.03816
153387_73,44.9766,52.921513
153387_74,68.11132,57.013756
153387_75,72.45503,12.772606
153387_76,42.600273,20.116053
153387_77,81.82787,43.08074
153387_78,78.47997,21.552406
153387_79,73.81317,54.918766
153387_80,79.58148,24.357304
153387_81,77.06365,52.50247
153387_82,81.1825,45.59756
153387_83,77.44655,19.226326
153387_84,52.5,34.0
153387_85,78.23115,20.950134
153387_86,49.09883,12.637323
153387_87,80.163216,26.01786
153387_88,76.29302,53.21916
153388_1,64.99361,11.298032
153388_2,77.21024,18.755573
153388_4,52.5,34.0
153388_5,68.81907,11.549804
153388_6,73.218315,55.232784
153388_7,55.820374,11.619595
153388_8,62.157063,11.291724
153388_9,82.134026,41.002842
153388_10,59.177963,11.359653
153388_11,47.07728,13.244078
153388_12,81.88765,33.124905
153388_13,78.94909,22.732826
153388_14,70.66717,11.9618
153388_15,59.696915,57.785053
153388_16,72.297005,55.669224
153388_17,75.62022,53.74906
153388_18,50.096115,12.454306
153388_19,45.99971,53.924667
153388_20,81.22254,45.47318
153388_21,62.868652,57.733997
153388_22,66.88813,11.39391
153388_23,79.15539,49.909428
153388_24,72.22666,12.651402
153388_25,76.54322,53.002254
153388_26,80.862045,46.509518
153388_27,76.8709,52.69495
153388_28,81.59799,44.130646
153388_29,74.57644,14.590318
153388_32,76.4123,17.303265
153388_33,70.760216,11.99701
153388_34,69.15779,11.59049
153388_35,78.51928,21.649
153388_36,48.279106,55.30707
153388_37,81.367485,44.997166
153388_38,73.392654,13.397967
153388_39,79.82665,48.780277
153388_40,78.49607,50.853355
153388_41,81.831055,32.779015
153388_42,68.41751,11.506433
153388_43,81.829025,43.074627
153388_44,77.20002,52.360943
153388_45,46.98991,54.617283
153388_46,72.86314,13.0224695
153388_47,72.54206,55.559093
153388_48,80.03155,25.622482
153388_49,47.81788,55.081196
153388_50,82.05551,41.67067
153388_51,77.577995,19.495289
153388_52,46.942757,54.587795
153388_54,52.5,34.0
153388_55,46.913383,54.569344
153388_56,62.15966,11.291975
153388_57,80.6292,27.551743
153388_59,79.589,49.20366
153388_60,80.54463,27.253664
153388_61,77.472946,19.278297
153388_62,74.99653,15.137653
153388_63,47.255886,54.777306
153388_64,59.364647,57.77499
153388_65,52.5,34.0
153388_66,81.4503,44.70341
153388_67,80.84458,46.5556
153388_68,52.5,34.0
153388_69,47.55974,54.94631
153388_70,61.16286,57.79248
153388_71,72.918335,55.37994
153388_72,77.92011,51.573174
153388_73,80.578354,47.217968
153388_74,66.399025,11.366346
153388_75,81.323524,45.14615
153388_78,81.541084,44.35925
153388_79,66.83512,11.390668
153388_80,55.38066,57.462494
153388_81,82.26319,37.067974
153388_82,46.70587,54.43386
153389_1,74.45487,54.54109
153389_2,81.35731,45.032063
153389_3,71.42237,56.035954
153389_4,58.694653,57.749176
153389_5,79.08637,50.01498
153389_6,52.65526,56.930965
153389_8,69.501045,11.63766
153389_9,71.408905,12.256366
153389_10,59.082928,11.363082
153389_11,65.024315,11.298131
153389_12,47.039417,54.647816
153389_13,72.911476,13.054025
153389_14,52.5,34.0
153389_15,65.26403,11.303329
153389_16,80.961,46.24181
153389_17,47.743874,55.043045
153389_18,79.95072,48.547184
153389_19,77.79821,19.965662
153389_21,47.501637,54.915176
153389_22,48.2005,12.832408
153389_23,79.31722,23.661896
153389_24,82.27795,38.645752
153389_25,80.053154,48.34802
153389_26,64.808586,11.2948475
153389_27,80.30593,47.826916
153389_28,76.5183,53.024563
153389_29,49.51512,55.85374
153389_30,75.48237,53.848976
153389_31,80.41173,47.5974
153389_32,82.212425,36.044415
153389_33,76.42823,17.337446
153389_34,79.11674,23.149422
153389_35,67.408714,57.16128
153389_36,81.99888,42.083363
153389_37,82.25246,36.796535
153389_38,81.69049,31.994663
153389_39,65.69701,11.327136
153389_40,47.203793,54.74681
153389_41,77.71455,51.808697
153389_42,78.00092,20.414745
153389_43,53.799698,11.869825
153389_45,69.54954,56.655758
153389_47,51.63041,56.629025
153389_48,68.60963,56.898186
153389_50,72.08323,55.762592
153389_51,79.28747,23.584774
153389_52,59.302715,11.355274
153389_53,49.966843,56.03452
153389_54,77.90862,51.58678
153389_55,48.373554,55.351894
153389_57,68.91678,11.560971
153389_58,81.96607,42.29644
153389_60,76.41822,53.11262
153389_61,79.37702,23.815102
153389_62,47.939877,55.142914
153389_63,80.72177,27.88684
153389_64,66.96404,11.399602
153389_65,71.117645,12.135697
153389_66,78.37258,51.01677
153389_67,81.15406,45.68404
153389_68,81.73344,43.537792
153389_69,77.485405,52.05972
153389_70,62.218384,11.29152
153389_71,79.59043,49.201508
153389_72,70.27027,11.820338
153389_73,79.406364,23.89355
153389_75,79.144295,23.21851
153389_76,49.674328,12.529013
153389_78,81.670456,43.821247
153389_80,82.0111,41.996994
153389_81,52.5,34.0
153389_82,78.763664,50.484364
153390_1,46.42331,54.240604
153390_2,50.216946,12.433599
153390_3,81.79888,43.22732
153390_4,82.1581,40.76121
153390_5,78.49235,50.858273
153390_6,78.15708,20.77526
153390_7,52.5,34.0
153390_8,79.2235,23.417278
153390_9,76.3895,17.264393
153390_10,76.854416,18.085167
153390_11,47.718483,55.029858
153390_12,65.53839,11.317606
153390_13,79.068985,23.030075
153390_14,78.82393,50.39947
153390_15,43.87323,15.068014
153390_16,68.78256,11.546202
153390_17,50.988358,56.414116
153390_18,77.15201,18.644863
153390_19,48.22189,55.27976
153390_20,69.32401,11.613292
153390_21,77.842415,20.061758
153390_22,47.08999,13.255483
153390_24,46.94111,54.58691
153390_26,62.052505,11.292743
153390_27,52.5,34.0
153390_28,59.743187,11.340873
153390_29,47.210327,54.750526
153390_30,80.86616,46.49867
153390_31,80.805405,28.198158
153390_32,75.18999,54.053394
153390_33,69.06657,11.579458
153390_34,80.27267,47.8978
153390_35,78.85859,22.515156
153390_36,65.7602,11.330617
153390_37,73.715385,13.665532
153390_38,77.4737,19.281948
153390_39,47.668564,55.003735
153390_40,67.24033,11.421315
153390_41,52.5,34.0
153390_42,78.36373,21.267262
153390_43,47.179787,54.732376
153390_44,79.06903,23.030458
153390_45,58.499634,11.395296
153390_46,73.77723,54.938736
153390_47,81.090805,45.87177
153390_48,45.608795,53.569576
153390_49,78.326485,21.177385
153390_50,48.2799,55.30746
153390_51,81.98511,42.173237
153390_52,47.38102,54.84851
153390_53,76.68499,17.77914
153390_56,47.138943,13.223889
153390_59,81.10424,29.384457
153390_60,47.86141,55.103462
153390_61,51.257042,56.506367
153390_62,77.33491,52.217884
153390_63,79.35872,23.767529
153390_64,80.16811,26.034094
153390_65,47.975548,55.160374
153390_66,80.3465,26.595413
153390_67,47.405113,54.86159
153390_68,69.878914,11.711209
153390_69,81.069664,45.93325
153390_71,52.5,34.0
153390_72,79.032646,50.09563
153390_73,78.96601,22.776638
153390_74,44.520935,14.579905
153390_75,77.95757,51.5292
153390_76,47.849922,55.097584
153390_77,46.880283,54.548
153390_78,79.07477,50.032173
153390_80,77.93301,51.558285
153390_81,70.33886,11.843554
153390_82,75.44443,53.875973
153390_83,61.245052,11.299086
153390_84,76.217064,16.976614
153390_86,78.39482,50.987507
153391_1,47.035458,54.645355
153391_2,74.635216,14.6699505
153391_3,70.02114,11.745951
153391_5,47.2567,54.77789
153391_6,80.60468,27.46415
153391_9,47.03383,54.644375
153391_10,47.793694,55.06878
153391_11,79.84601,25.085596
153391_12,81.32456,45.142864
153391_13,48.07213,12.878367
153391_14,55.793255,57.512188
153391_15,78.512535,21.633497
153391_16,81.30259,45.215748
153391_17,82.20272,40.23759
153391_18,52.5,34.0
153391_19,46.05445,13.671635
153391_20,79.93032,48.58616
153391_21,67.699,11.453691
153391_22,79.53976,24.248621
153391_24,52.5,34.0
153391_26,74.44717,54.545734
153391_27,81.348,30.36856
153391_28,77.92866,20.25219
153391_29,52.5,34.0
153391_30,57.627182,11.461522
153391_31,50.60833,12.375033
153391_32,47.187332,54.736984
153391_33,82.272484,38.882584
153391_34,55.676315,57.498665
153391_35,51.054527,56.43717
153391_36,79.730675,48.954865
153391_37,47.557083,54.944912
153391_38,78.97358,50.18319
153391_39,47.613144,54.974514
153391_40,75.77514,16.272058
153391_41,52.5,34.0
153391_42,48.299557,55.316814
153391_43,80.28304,47.875797
153391_44,79.20797,49.828114
153391_45,66.55041,11.373348
153391_46,79.41361,23.9134
153391_47,80.50439,47.389263
153391_48,80.86704,28.438427
153391_49,64.919014,57.557274
153391_50,80.10126,48.252132
153391_51,81.113174,45.805984
153391_52,53.498825,57.1338
153391_53,47.48996,54.908825
153391_54,49.613407,12.541312
153391_55,78.34956,51.046707
153391_56,52.5,34.0
153391_57,59.732178,11.341835
153391_58,47.71673,55.028877
153391_59,75.27659,53.9929
153391_60,76.360695,53.1618
153391_61,78.19758,51.238865
153391_63,72.73549,12.939031
153391_64,72.98437,13.103425
153391_65,68.43103,11.50836
153391_66,70.65448,11.956688
153391_68,71.896736,55.841465
153391_69,72.21084,12.643394
153391_70,74.42384,54.56013
153391_71,75.74287,53.65778
153391_72,65.10955,11.298795
153391_73,77.85333,20.085655
153391_76,79.72097,24.73831
153391_77,77.58174,19.504934
153391_78,79.07875,50.0263
153391_79,66.868286,11.393232
153391_80,69.38308,11.620775
153391_81,78.94428,22.723251
153391_82,79.21257,23.391462
153391_83,76.456566,17.379232
153391_85,75.45556,53.868023
153391_86,72.81491,12.990049
153392_1,63.89487,11.29217
153392_2,76.88807,52.678104
153392_3,62.51997,57.750744
153392_4,52.5,34.0
153392_5,74.75143,14.807763
153392_6,82.20478,40.210354
153392_7,50.991425,56.41518
153392_8,61.850277,11.293709
153392_10,46.24395,13.592623
153392_11,73.44596,13.440408
153392_13,78.9873,22.828754
153392_14,75.79449,53.61871
153392_15,75.1252,54.098377
153392_17,73.27683,55.20324
153392_18,52.5,34.0
153392_20,47.21973,54.75612
153392_21,82.079445,41.48071
153392_22,80.35056,26.608362
153392_23,78.096634,20.632507
153392_24,52.5,34.0
153392_25,47.115387,54.69385
153392_26,78.325005,21.173883
153392_27,61.80114,57.77897
153392_29,52.5,34.0
153392_30,52.5,34.0
153392_32,52.5,34.0
153392_33,78.684685,22.072163
153392_34,47.050804,13.254727
153392_35,49.094543,12.638579
153392_36,48.30532,55.31956
153392_37,46.696545,54.42828
153392_38,76.00149,53.4574
153392_39,67.58106,11.446352
153392_40,79.96048,25.413345
153392_41,82.19359,40.353542
153392_44,81.52554,44.41973
153392_45,47.486187,54.90661
153392_46,63.479538,11.294
153392_47,54.928444,11.7111025
153392_48,52.5,34.0
153392_49,81.46958,44.632313
153392_50,72.14393,12.6088705
153392_52,50.53019,12.385616
153392_53,77.81287,51.697346
153392_54,81.20026,45.543102
153392_55,76.73077,17.861002
153392_56,48.199966,12.834186
153392_57,81.67146,31.895313
153392_59,45.944794,13.718732
153392_60,52.5,34.0
153392_62,64.37251,11.291136
153392_63,49.938522,56.02341
153392_64,72.69731,12.914039
153392_65,81.03625,46.02949
153392_66,58.429897,11.398881
153392_67,73.41862,13.419455
153392_68,46.154575,54.04466
153392_71,76.9677,18.294079
153392_72,81.11039,45.81415
153392_73,70.72734,11.984714
153392_74,80.23829,47.9706
153392_75,69.23335,11.599796
153392_76,76.54512,17.534422
153392_77,81.15328,45.686222
153392_78,76.83566,18.05108
153392_79,52.5,34.0
153392_80,46.317627,13.560289
153392_81,73.25114,13.293832
153392_82,80.380455,47.66612
153392_83,47.06848,54.66544
153392_84,60.36128,11.323113
153392_85,57.274956,11.491597
153392_86,68.58542,11.522703
153392_87,52.5,34.0
153392_89,76.97395,18.306454
153392_90,82.171364,35.49472
153392_91,81.00749,46.111584
153392_92,78.30369,21.122753
153392_93,77.86054,20.101036
153392_95,81.68192,43.770462
153392_96,78.82946,22.44516
153392_97,81.542114,31.250679
153392_98,50.036476,12.466241
153392_99,71.39506,56.04706
153392_100,75.67706,16.122614
153392_102,63.491283,11.292553
153392_103,43.989597,37.44742
153392_104,52.5,34.0
153392_105,82.139626,35.135452
153392_106,52.5,34.0
153392_107,76.718575,52.84102
153392_108,81.150406,45.694996
